group_id,net_id
0,asp44
0,acb68
0,alw97
1,alw89
1,act46
1,aeb77
1,afk15
1,amz26
1,acr50
2,alw97
2,agp15
2,aak48
2,atf25
3,agp15
3,aje30
3,acb68
3,adj23
3,aas74
3,afd10
3,acy12
4,ara38
4,alj41
4,afc26
4,acy14
4,acw65
4,aja50
4,acr50
5,adc81
5,alw97
5,ask60
5,bac45
5,akg38
6,alg68
6,ahn14
6,aaa87
6,ajl62
6,acw65
6,asw57
7,aaa87
7,aka34
7,ahs31
7,ajl62
7,afc26
7,acw64
8,ase21
8,aps44
8,abs75
8,apk21
9,acb99
9,ald59
9,ach49
9,abh37
9,aek27
9,ach71
10,ajg62
10,ahm25
10,ald66
10,anp36
10,aem19
10,acn21
11,asy13
11,atf25
11,acn21
11,ach49
12,ayc17
12,acy14
12,asp44
12,ama78
12,anp36
12,akl39
12,abh37
13,ame49
13,ama78
13,ald59
13,and27
13,acy14
13,asf25
13,ase21
14,aem93
14,acj35
14,asp49
14,aib10
14,arm88
15,akl39
15,ach70
15,acr43
15,ant20
15,afg16
16,aeb87
16,adb76
16,atc42
16,abm45
17,akl39
17,aea37
17,amv34
17,ajt47
17,ars94
17,alr81
17,agr25
18,alr42
18,aae21
18,aem91
18,alt51
18,aam98
18,adl49
19,bac33
19,acf31
19,aam98
19,asl63
19,apf18
19,abc49
20,arh75
20,akd33
20,asl63
20,atb47
21,akl32
21,afg14
21,abm43
22,afm28
22,arm85
22,aep55
22,avm15
23,ajc91
23,ars94
23,acc80
23,afm28
23,afs33
23,arg37
23,ajd66
24,asy13
24,aer51
24,ars94
24,adf24
25,acr36
25,ack42
25,ask60
25,abf18
25,alk42
26,aca22
26,akl22
26,apw10
26,aww29
27,ara47
27,abb10
27,alt68
27,abk35
27,bad29
27,apw10
28,bad29
28,atw20
28,aib10
28,apk22
28,ara42
28,abk42
28,ary13
29,agl24
29,apw10
29,adf35
30,ara47
30,abk35
30,ado20
30,amz26
30,all81
30,akh36
31,ash75
31,adm60
31,anp36
32,aps55
32,aab74
32,asb81
32,aja26
32,akg35
32,ans71
33,ayl26
33,amf85
33,ajp53
33,app25
33,ajt50
34,ars91
34,acc80
34,ajt50
34,acw64
35,aps55
35,alr42
35,aab74
35,acr50
35,ajp53
35,akg35
35,ajg76
36,ajw84
36,ais30
36,alg88
36,aww29
37,abc52
37,ajt36
37,ajw83
37,amf84
38,agr20
38,aja26
38,acm91
38,aps55
38,abc52
39,aac45
39,amj58
39,ars94
40,ajh66
40,abc50
40,aph40
40,aak26
41,aps54
41,amt66
41,aam98
41,apa20
42,aaf21
42,aam98
42,apa20
42,ayt10
43,aek44
43,aem81
43,ajz10
43,aaf19
44,ajg63
44,alw93
44,ajz10
44,aaf19
44,amt62
44,amn34
44,akl22
45,arc75
45,ark44
45,amn34
46,aaf19
46,asr40
46,aps44
47,alj52
47,ajl76
47,aom11
47,akk46
47,akr43
48,alp49
48,ajl76
48,ajk74
49,aec41
49,adk34
49,akr43
49,akg38
50,acj35
50,abb66
50,ahc15
50,ahs44
50,afc22
50,ant27
51,aca22
51,aws31
51,adv12
52,adk30
52,ase21
52,ant27
52,aep55
53,ajp82
53,agc21
53,asb84
53,aep55
53,asr38
53,abh22
53,abb66
54,ant27
54,abn15
54,atf24
54,ahk23
55,amf85
55,agl24
55,akb71
55,alp67
55,ajt44
56,aef37
56,aks62
56,ags53
56,alp67
56,amz26
56,atm46
56,arl45
57,acm76
57,ajg62
57,atb45
58,amf85
58,ads99
58,ajr84
58,ans85
58,adr45
59,amj55
59,art35
59,afp18
59,act46
59,alj52
60,alj52
60,asr38
60,arh66
60,ame45
60,atc31
60,ark35
61,ahk23
61,alk42
61,afp18
62,arh75
62,ama88
62,ahk23
62,akg38
62,asf41
63,ajw72
63,adf23
63,ame45
64,akt21
64,aaw38
64,akj31
64,adm58
64,acj21
64,amk97
64,avb11
65,amp97
65,ald59
65,acg59
65,aem93
65,ajt50
65,alz15
65,aab75
66,aem93
66,aww28
66,aea33
66,all42
66,aas74
66,awj12
66,adw43
67,afb34
67,aww28
67,acy14
67,asc57
67,aea33
68,arl45
68,adk34
68,alz15
68,ach55
68,ald59
69,anm46
69,apb44
69,aam86
69,amj58
69,agp15
69,aea44
70,afc26
70,aln25
70,abw53
70,abs75
70,awc27
70,abw35
70,acj13
71,asr35
71,abs75
71,acz10
71,abk42
71,adk35
71,acj21
72,ajj23
72,aea44
72,agp15
73,abv13
73,amg99
73,abg35
74,ame36
74,ark45
74,agg16
74,asf45
74,alh93
74,ana25
74,alr81
75,arl41
75,alh93
75,aeb88
75,abg35
75,alr81
76,adm66
76,ajt36
76,asf25
76,alr81
76,ala24
76,adm39
76,acm88
77,ary14
77,adf23
77,amk97
77,aak47
78,akb71
78,ama88
78,amk97
78,alr81
78,afk11
78,ask60
78,ala24
79,ask60
79,amz19
79,arr54
79,adf23
79,akb71
79,aak47
79,aln22
80,atb45
80,ahr16
80,akb71
81,apm36
81,asl49
81,ala21
82,apf23
82,apm36
82,aea47
82,aem19
82,avs28
82,adb70
82,akj31
83,adf23
83,adm61
83,acm76
84,aem19
84,ala21
84,akj30
84,aea47
85,anm46
85,aac45
85,aea36
85,asm74
85,akt19
86,aak43
86,ans81
86,agd29
87,ajp61
87,aja41
87,apk22
87,ans81
87,ajt44
87,aks77
87,aab75
88,abh37
88,apa17
88,aje20
89,ahk22
89,arc86
89,ahj10
90,atw20
90,apa17
90,asg43
91,ald57
91,aem93
91,ajw50
92,ajw50
92,avb11
92,agm57
92,aam65
92,agw22
93,aww31
93,ajw70
93,ace29
93,bab99
93,ald57
94,alj51
94,agw22
94,all81
94,aan18
94,aen20
95,acg51
95,agk19
95,asg43
95,alw89
95,amt64
95,aps44
95,afg16
96,amt64
96,apk21
96,amo36
96,amk96
96,acc80
96,avs22
96,ahm25
97,ame45
97,agk19
97,acr53
97,acc80
97,alv13
97,ajr84
98,apk21
98,alv13
98,ajh98
98,akd35
98,amk96
98,ame49
98,amj58
99,atf24
99,aps44
99,aeh56
99,aed41
99,aca13
99,avs22
100,anb49
100,ach71
100,alp67
100,afk11
100,arg37
100,amz26
101,aln18
101,asc69
101,atl18
101,arg37
102,ald67
102,act46
102,abf18
102,aaa67
102,asz13
102,anb49
103,ais31
103,adf24
103,asc69
104,afg14
104,aks86
104,abc52
105,acs98
105,aef35
105,ans81
105,avs28
105,amj58
105,all72
106,agc21
106,afg14
106,aab73
106,acj31
106,amj58
106,alw89
107,aem65
107,aah41
107,ahs31
107,ats46
107,adw66
108,abw53
108,afm28
108,acm90
108,abs62
109,asf25
109,ajg79
109,arc71
109,asp49
110,alj48
110,adw66
110,ajg79
111,akl32
111,asb90
111,asv13
111,arh75
111,afk12
111,aem81
111,ash78
112,adp32
112,acd42
112,agr20
112,avm15
112,amf80
112,ajc29
112,ago11
113,amf80
113,arg37
113,amk90
113,abv13
113,awm27
113,afk12
113,aac55
114,ald67
114,agr20
114,amf80
114,arh75
114,arl41
114,aaa63
115,aak42
115,aak49
115,anb24
116,asw61
116,aps17
116,ahc26
116,aam65
116,aeb77
116,agp16
116,aps52
117,aak49
117,acv13
117,aea37
118,ahl24
118,akb53
118,aks79
118,aak49
119,adk35
119,ahl24
119,aer51
119,ajt48
119,ach70
119,acr53
119,atb47
120,ach70
120,asr38
120,aak42
120,aks94
120,ama78
120,aam65
121,and43
121,aeb77
121,asz13
121,ajd57
121,abg35
121,adf31
122,alw93
122,adf31
122,asz13
122,anp36
123,ajo14
123,asn22
123,ach70
123,ach71
123,aaa67
123,abs53
123,ajj22
124,all42
124,anp37
124,abb70
124,alo17
124,afk11
124,aaa67
124,arg37
125,ahn14
125,alg68
125,bac16
125,ajw81
125,ach49
125,aae21
126,art35
126,ats50
126,aww30
126,ajg62
126,ajl82
126,agj12
127,anc52
127,app25
127,aam66
127,ana24
128,ans81
128,amz19
128,afa19
129,acm76
129,ajp61
129,amj62
129,ans81
130,ajw72
130,aac45
130,aem19
130,asd26
131,amz19
131,alj47
131,arj37
131,aag44
132,aww29
132,aka32
132,asb90
132,afg14
133,ajf46
133,aml94
133,aka32
133,afa19
133,asf45
133,aln20
133,ads50
134,aia10
134,asf45
134,afa19
134,aec41
134,ack42
135,akd33
135,ada42
135,aej28
136,akd33
136,arw69
136,awm33
136,asb73
136,awb33
136,aea33
137,aro15
137,awj12
137,abd30
137,ahj10
137,acs79
137,aca22
138,awj12
138,alk42
138,avn11
138,aaa63
139,alp67
139,ajh66
139,afm32
139,akh48
139,aef38
139,all42
139,atf24
140,anl31
140,ajt50
140,aef38
140,asb73
140,anm60
140,anl21
140,alj52
141,adc79
141,akh48
141,alj52
141,aem65
141,asb73
141,apm37
141,anm53
142,agp15
142,akg35
142,ads99
142,alw93
142,aln20
142,akh48
142,anm53
143,alp67
143,anm53
143,asl63
143,arh75
143,ads99
144,aak42
144,awk11
144,aen20
144,and38
144,atw20
144,ayt10
144,aka32
145,aja33
145,and38
145,aka32
146,aen20
146,abm45
146,aal26
146,aem92
146,acj31
146,anr44
146,ahk20
147,ayt10
147,arb71
147,asa58
147,acj34
148,abb57
148,awm27
148,ans81
148,afs34
149,aep38
149,arl42
149,aam66
150,aaw38
150,ats41
150,alj48
151,arw69
151,aek41
151,asz13
151,aem94
152,ald66
152,aek41
152,abh22
152,acs80
152,aem94
152,ajp80
152,anl31
153,akl41
153,acm61
153,asn22
153,apa20
153,acw63
154,alp67
154,aeb88
154,alc99
154,aaw38
154,acm61
155,aem91
155,ash79
155,ash78
155,akd16
155,atl16
155,abn15
155,alk44
156,asn22
156,adf31
156,aad30
156,atl16
156,agc33
157,atb45
157,akd16
157,abm55
158,adf31
158,ark44
158,ats33
158,aib10
159,arl45
159,acb84
159,amj62
159,anb49
159,ash43
160,akj30
160,aba32
160,acb84
160,adf31
160,arh66
160,adm74
160,awc27
161,ash43
161,afk12
161,aah52
161,ajr81
161,ajp61
161,alw96
161,adc81
162,ata19
162,anp36
162,ajw76
162,aat18
162,adb76
162,aec53
163,asa39
163,ahn15
163,acm76
163,ach71
163,abb54
163,anl21
163,ajz10
164,acm94
164,anl21
164,ach71
164,abb73
164,ahn15
164,acb99
164,alz15
165,ale26
165,ajp61
165,akl22
165,acv13
165,asa39
166,avs22
166,anm60
166,abt23
166,avn11
166,aep47
166,agr18
167,amo39
167,avs22
167,aaw38
168,adp32
168,bab99
168,ago11
168,amj55
168,agr18
168,aam62
168,afm28
169,ajc85
169,alp58
169,ats50
169,asl63
169,adv12
169,aak44
170,abf18
170,apj11
170,amf85
171,abh37
171,ajg79
171,atw20
171,arl48
171,apj11
171,aps27
171,abs72
172,atc38
172,ajc85
172,akk42
173,apk21
173,agd29
173,art35
173,awb27
173,ado20
173,ahd16
173,aba32
174,acs79
174,aca22
174,ahh26
174,amr88
174,agd29
174,ado20
175,afa16
175,anw39
175,aea47
175,ajv20
176,agd29
176,anw39
176,aca22
176,ahh26
176,ara42
177,akt24
177,aep54
177,adm86
177,atb35
177,arh86
178,aja33
178,anb24
178,afc27
179,ajo14
179,ajw76
179,aef37
179,asb90
179,aks62
179,abl29
180,ajo14
180,alw97
180,akg38
180,amt58
180,acj35
180,aks62
181,ajo14
181,asa59
181,art35
181,asb90
182,abl29
182,ajo14
182,anm60
182,alo17
182,abg28
182,art35
182,adw63
183,ary14
183,ajk79
183,acr50
184,alr81
184,alw93
184,atb45
184,aen20
184,abk42
184,ads50
184,aea33
185,aea33
185,all81
185,aam65
186,asb81
186,ajl73
186,ajg63
186,asl61
187,ajl73
187,atl16
187,akb71
187,aec53
187,ahk23
187,awj12
188,aep47
188,adp33
188,afa19
188,aps44
188,aka32
189,amt66
189,aib10
189,aja34
189,arh58
190,aew60
190,aaa75
190,aaa67
190,ado23
190,arw69
190,amo36
190,amg80
191,alo17
191,ado23
191,aew60
191,ajw83
192,amo36
192,ach79
192,aln23
192,arw69
192,abs75
193,aef44
193,amg80
193,arw69
193,acg59
194,ajo14
194,aah52
194,ark44
194,awb33
194,acv13
194,ajl88
194,ayt10
195,ark44
195,ayt10
195,bab99
195,amf80
195,aem93
195,aad32
195,abh37
196,anm53
196,agr20
196,acv13
196,abh37
196,aia10
196,ayt10
196,awb33
197,ajl71
197,arh86
197,ahr16
197,atg18
198,adc72
198,atg18
198,acj35
199,alp58
199,acr36
199,aka32
199,ahr16
200,aks77
200,ald59
200,aep39
200,afg14
200,acj35
200,akg38
200,akd33
201,adg55
201,abb66
201,ahg12
201,ahh26
201,aje20
201,apl18
202,ahl24
202,ahd16
202,akk36
202,aia10
202,anp37
202,akh47
203,amg80
203,aer51
203,aek27
203,agm57
203,adl41
203,abf20
204,abb50
204,asw61
204,apk21
204,agd29
204,acj31
204,ara42
204,abf20
205,akk46
205,agd29
205,aca22
206,ahc26
206,ats33
206,asf47
207,akj30
207,agl25
207,aec41
207,arw69
207,ajh98
207,acg51
207,aaa67
208,anr44
208,akd16
208,aec58
208,ajt48
208,arr51
208,asd41
208,aam99
209,aea37
209,aal31
209,awk11
209,asd41
209,adv12
210,afw13
210,ant28
210,akn18
210,ana15
210,awm20
211,aer52
211,ant28
211,asd41
211,aaa67
211,aan16
211,ahn14
212,awh20
212,aac20
212,ahj10
212,alf42
213,ami10
213,alf42
213,aer52
213,bad32
213,aac20
214,aml88
214,ars91
214,agm57
214,atg22
214,ajl89
214,adc55
215,akw30
215,ame36
215,aml88
215,acr43
215,adl49
215,afa16
216,abg28
216,ans81
216,aml88
216,ado12
216,abr39
217,ajp53
217,ami10
217,akd33
217,abc49
217,aja33
217,alo17
217,amg99
218,ars93
218,alo17
218,acs98
218,alr76
218,ajk67
219,arl45
219,aro15
219,amg99
219,aww28
220,arl45
220,abd21
220,akl22
220,apk21
220,ast29
220,art36
220,arj37
221,aln25
221,agc14
221,atb47
221,avs26
221,akl41
221,aro15
222,amt69
222,ajd61
222,abm43
222,amk90
223,abw53
223,agk19
223,asz13
223,apw10
224,asc57
224,acz10
224,ans81
224,akb71
225,aek44
225,art40
225,atc37
225,arr54
225,asc57
225,apk21
226,anp36
226,ahl24
226,aem79
226,akd26
226,akg35
227,agw32
227,adv12
227,abs63
227,apk21
227,acm61
227,aem79
227,awm33
228,aaa63
228,aas74
228,avn11
228,ahj10
229,aml94
229,agp11
229,amk90
230,afc22
230,alp67
230,aem65
230,adh55
230,aep54
230,awb33
231,ahw26
231,asm74
231,awb33
231,asa48
231,acm88
231,anl21
231,ajk79
232,ana25
232,ajj23
232,ash75
232,aen20
232,alp67
233,avs22
233,ahw26
233,abt13
233,amz19
233,agk17
234,aam99
234,ash75
234,aer52
234,akk42
234,ahk22
234,ajj23
235,agr25
235,aka32
235,ads50
235,aaz10
235,and27
236,ahc26
236,asl49
236,aaz10
236,ajr91
236,agw32
236,ajj29
236,agc35
237,ahc26
237,ahs31
237,agw32
237,agr25
238,ajj29
238,amo39
238,ana19
238,aww31
238,ajr91
238,avm15
238,amz26
239,alj41
239,aeb94
239,abf20
240,asb81
240,adw63
240,ada42
240,asa59
240,abb70
241,afs34
241,anl21
241,amr88
241,aak42
241,aps27
241,aps44
241,aek43
242,abd30
242,agg16
242,alk42
242,agk17
242,asb81
243,ast30
243,aaj23
243,akh48
243,afs34
243,acs80
243,alj52
244,adm86
244,abd30
244,aep55
244,abh22
244,agb44
245,akb53
245,ale26
245,ary13
245,ajt36
245,asa58
245,ahc12
246,apl18
246,aks84
246,anr40
246,ada42
246,ale26
247,adk30
247,aem81
247,ajt36
247,ack42
248,adb60
248,asn24
248,adw66
248,aee11
249,aml88
249,akb53
249,afc27
249,aee11
250,ats33
250,acm61
250,akd33
250,ash78
250,aba32
251,avs22
251,ajd61
251,akd33
251,aag44
251,acj34
251,ads42
251,acs89
252,ajr31
252,ajl82
252,aem81
252,arw63
253,akj30
253,apa17
253,ads42
253,akd33
253,arr54
253,ats33
253,ayc14
254,ajr31
254,akj30
254,asa45
254,ajd61
254,ajl82
254,arl45
255,aww29
255,aem91
255,amg73
256,aak48
256,amf85
256,aro15
256,ard39
256,ajr81
256,amh89
256,abm55
257,ajr81
257,ajw72
257,aro15
257,aea42
257,agw31
257,agd29
258,acj21
258,ase21
258,arc88
259,aem81
259,acf31
259,asa57
259,anm39
259,bac38
259,asp49
260,asw61
260,ato10
260,amm73
260,asp49
261,aac55
261,apl18
261,aja33
261,ant20
261,agw22
261,aem82
262,ajl70
262,aaw49
262,ack42
262,aaf15
262,abd31
262,anw39
262,aac45
263,aac20
263,anb65
263,aac45
263,aaw49
264,abh44
264,aaw49
264,aam85
264,amt66
264,aep55
264,aww28
265,aep55
265,ajk79
265,adc81
265,asb73
265,amt66
265,ach70
266,asb73
266,anp36
266,atb28
267,aaj23
267,afk11
267,adk35
267,aln20
267,aem67
267,aaf19
268,aeb88
268,aln20
268,ais31
268,akd16
268,awg17
268,afk11
269,arc88
269,ata19
269,alt55
269,ary13
269,aeb87
270,acy12
270,avs22
270,abm46
270,aaf19
270,ash78
271,avh12
271,abt23
271,agp17
271,ajt47
271,alr81
272,afc27
272,ame45
272,aaw44
272,abm45
272,aro13
272,acn20
273,aam62
273,aaa87
273,ala24
274,abt23
274,amt62
274,acm90
274,abm45
275,aem81
275,ala24
275,abm45
275,aaw44
275,apa17
276,akg35
276,aet26
276,ajr84
276,ado12
276,ant20
276,acr43
277,acr36
277,abb66
277,acj33
277,acj34
277,aem81
277,aam84
278,aat18
278,acw63
278,ado12
278,ajr84
278,ant20
279,arj37
279,ahd16
279,alw89
279,aje20
279,amt69
279,adb60
280,aph40
280,aet26
280,aaw38
280,aml87
280,aer51
280,akw38
281,all72
281,aln20
281,ajd42
282,aim11
282,ajc91
282,all72
282,ahp13
283,ark45
283,ajc91
283,asb84
283,all72
283,aje22
283,anb65
283,aan16
284,ajr74
284,arl41
284,aja26
284,ath28
284,akh19
285,ath28
285,acs98
285,ars91
285,adp32
285,ash79
285,aab83
286,agk19
286,bab99
286,arr54
286,abm46
286,aea42
287,ajd66
287,abc52
287,awm33
288,ahs31
288,aaw49
288,aep56
288,abw36
288,arl45
289,ahs31
289,ath28
289,aks64
289,aph40
289,ark44
290,aph40
290,asl50
290,adm66
290,acw65
290,acl39
290,atc31
291,amz19
291,akk33
291,ath28
291,abw36
291,aln22
292,asa58
292,aka32
292,asb81
292,awg13
292,afa16
292,abg35
292,amh89
293,ajf37
293,ajw72
293,aea33
293,abs72
293,abc50
293,amj60
294,atc37
294,ayt10
294,awg13
294,alj47
295,awg13
295,aen20
295,awm28
295,abb10
295,amr89
295,ajf37
296,abb10
296,alj47
296,ahs50
296,ajp80
296,acg59
297,abb10
297,all81
297,ame50
298,amw77
298,ama88
298,ara42
299,ara42
299,bad16
299,act46
300,aah52
300,amw77
300,ago11
300,asb90
300,and43
301,anb49
301,aan16
301,ajr91
301,amw77
301,acl43
301,acy14
301,ago11
302,adm66
302,adp33
302,asa57
302,akl39
303,akl39
303,aef35
303,atd25
303,ajt36
303,ahl23
304,akh47
304,agl24
304,art35
304,aab83
304,asz13
305,adp33
305,aea47
305,alt68
305,afc22
305,aln22
306,ajt48
306,adp32
306,agw24
306,att11
306,awg17
306,ash79
306,aam65
307,aah41
307,agn21
307,asl63
307,aef44
307,att11
308,avs28
308,awb33
308,ajt50
309,akg36
309,arr51
309,asb94
309,afk12
310,akg36
310,abd30
310,aab75
310,akg35
310,asm74
311,avm15
311,ala21
311,ana19
311,aab75
311,akv12
311,arr51
312,acj31
312,arr51
312,ahm25
312,adm60
312,ajd61
313,aae21
313,aln22
313,aab73
313,ans81
313,and43
313,aia11
314,acj34
314,aae21
314,aca13
314,alj39
314,asy13
314,aln22
315,akv11
315,aln22
315,awf11
315,amg99
315,aia11
316,adm61
316,abe13
316,akw38
316,anl27
317,abf20
317,abb70
317,anl31
317,aia11
317,alm69
318,ack42
318,aab83
318,alm69
319,bab99
319,ack42
319,akh48
319,ajg76
320,amk97
320,aca33
320,aia11
320,ajp61
320,acr43
321,acj21
321,asb73
321,afb34
321,afs34
321,alj51
322,act47
322,adc72
322,aja26
322,ars91
322,asw57
323,acm79
323,afs34
323,aca13
323,aag44
324,ast29
324,alj51
324,alk51
324,aag45
324,ats41
324,afs34
325,adr38
325,aep56
325,abs75
325,ajg76
325,abb50
325,acm94
325,aar26
326,amg63
326,abh37
326,abs75
326,ajv20
326,adr38
327,ads42
327,apl18
327,atf23
327,amt58
327,abh37
328,aas98
328,abm55
328,anw41
328,ajv20
329,acs98
329,agh33
329,agl24
329,ajv16
329,asb90
330,amn40
330,all81
330,abv13
331,ajv16
331,amo39
331,aak49
331,aka34
332,arh75
332,aej21
332,aks62
332,aak29
333,aem91
333,ach71
333,aww31
333,apb44
333,aln22
333,aaw49
333,aem67
334,aak48
334,aks86
334,agg16
335,ase21
335,ack42
335,adb76
336,aja26
336,acm97
336,aac47
336,asb94
336,agg16
336,aln22
337,ami10
337,aja33
337,agc33
337,adw43
338,aps54
338,akj31
338,ajw81
338,arb71
339,acl39
339,afp15
339,amp97
340,aca22
340,aec41
340,awb33
341,ajw76
341,aak29
341,akd33
341,acs98
341,adb60
341,ask60
341,abg35
342,ask60
342,akt24
342,aww30
342,ajw76
342,aia11
342,aja33
342,ado12
343,aak29
343,asw61
343,akj30
343,ajr91
343,akd33
344,ask60
344,aea47
344,akt24
344,ajl76
345,ate10
345,asb73
345,akj30
345,aea47
346,aha24
346,ach79
346,ald67
346,agd33
346,ach45
346,aea47
346,asb73
347,ana15
347,ach79
347,ato10
347,aef44
348,aww30
348,acb99
348,adc81
348,aro16
349,ark47
349,ahk20
349,adk35
349,aer52
349,art35
349,ars94
350,anl21
350,atg18
350,ahs31
350,app25
351,anl21
351,ahk20
351,ajv16
351,adw54
351,abr39
351,acm61
351,art35
352,aab70
352,amp87
352,ald67
352,ahr16
352,amk96
352,asa39
353,ajg62
353,atg18
353,amf84
353,ald67
354,ags42
354,amj62
354,asa39
355,ald67
355,avm15
355,ajw71
355,amg89
355,agc33
356,ajk67
356,avm15
356,abr39
357,agr20
357,aww31
357,ala21
357,amg97
357,ajk41
357,adh66
357,aej28
358,adm58
358,and24
358,acs98
358,afm32
358,amg97
358,aem82
358,agc14
359,ahw29
359,aja50
359,adg55
359,akb71
359,amj62
359,aag44
360,aha20
360,adj23
360,acm76
360,anc54
361,ach44
361,asw57
361,acm76
361,adg55
361,alz18
361,akv11
361,aag44
362,ars83
362,acb68
362,aac55
362,apc30
362,aer51
363,anr41
363,ags40
363,apk21
363,all72
363,amv34
363,aos11
363,ask44
364,akt19
364,all72
364,anr41
364,awm33
364,ask44
364,alp67
364,amv34
365,aac55
365,alp67
365,ask44
365,asm79
366,aec53
366,aeb87
366,apf23
367,ajl73
367,amg89
367,akc38
367,acm90
367,acw23
368,akg36
368,bab97
368,akc38
368,aha24
369,alo17
369,aem90
369,acb99
369,aje20
370,asb90
370,amr89
370,afm28
370,aer51
371,alp67
371,alh93
371,abv13
371,ald66
371,asb90
371,acv13
371,alj51
372,aje20
372,aec53
372,abh22
372,ahm25
372,alj51
373,akm55
373,ajc85
373,abm48
373,apb44
373,aab75
373,amv33
374,aca22
374,asb78
374,anp36
374,aps55
374,ada42
375,anp36
375,aka32
375,apm37
376,arl42
376,aaw44
376,afa19
376,abr39
376,ajc85
376,abm48
377,apm37
377,aab75
377,ajd61
377,anp36
377,abr39
378,ado20
378,aml88
378,alt37
378,agh33
379,akh21
379,acm91
379,amk96
379,asb90
379,aaa87
379,acw23
379,ats33
380,ana15
380,ans85
380,awf11
381,app25
381,ahj10
381,aen20
381,aem93
382,acj35
382,akk33
382,ask44
382,agg16
382,acs98
383,agh33
383,ana15
383,aha20
383,agd18
383,aec50
383,agd29
384,ats33
384,acb99
384,amm73
384,asb73
385,asb42
385,ajz10
385,apl18
385,agd18
386,arf38
386,acr36
386,aea44
386,ald57
387,akh11
387,agk17
387,ajd61
387,aww30
387,adk30
388,ads99
388,aem67
388,awm20
389,arj37
389,aem92
389,atc35
389,alw89
389,aag45
389,akh40
390,abb10
390,asr28
390,akh40
390,aem92
390,acj26
391,ark45
391,aja26
391,anl31
391,adk30
391,anl21
392,adc81
392,aos12
392,agp17
392,aac45
393,asa45
393,ark45
393,agc31
393,asr35
393,ana15
393,aka28
393,asf47
394,aja26
394,apg23
394,amt75
395,apa17
395,amk97
395,aks79
396,ajr82
396,asb84
396,ack48
396,ajk41
396,ads50
397,acs79
397,ahs50
397,acf33
397,asf40
397,aks79
398,ack42
398,aln20
398,abr39
398,adh66
398,aln18
398,aks86
398,agc26
399,aah44
399,acj21
399,asf40
400,ajg79
400,acm76
400,abd31
400,akw30
400,all42
400,adp32
401,akr34
401,amp87
401,ajg79
401,akw30
401,acf35
401,akv11
402,arj37
402,asp44
402,acw65
403,atc42
403,awm20
403,alk51
403,arj37
403,aet26
403,abb56
403,arr51
404,awm20
404,aem93
404,aet26
405,acg51
405,aom11
405,ajj29
406,akg36
406,abr39
406,asv17
406,aak26
406,avp11
406,aks79
407,ajg63
407,arr54
407,alv13
407,akg36
408,ajt36
408,aam98
408,amr88
409,aam98
409,ajr91
409,apj11
409,alk43
410,ans71
410,awb33
410,ary14
410,atc37
410,apf23
411,amz19
411,aia11
411,aem81
411,alj52
411,aab74
411,aar37
412,apf23
412,acj31
412,awb33
412,aak49
412,ard44
412,aab74
413,apk22
413,alr67
413,ato10
413,aaa63
413,anm53
413,asr38
414,ahs44
414,anw36
414,anm53
415,adb76
415,ado23
415,atg18
415,ahl24
415,awg17
415,anw36
415,anm53
416,ach44
416,ask44
416,acr53
416,apa17
417,ahc12
417,aln18
417,acr36
417,arj37
417,anm53
417,aea37
417,ajp63
418,ast30
418,ahh26
418,aem79
419,adw43
419,acr36
419,ahc12
419,all78
419,akp38
419,ads42
420,asa45
420,ajt44
420,acj13
420,aak26
420,amg89
420,art40
421,acs97
421,asa45
421,act47
421,afc22
421,ajr89
422,adm61
422,acj13
422,abs76
422,afc22
422,acy12
422,atc38
422,abt13
423,act47
423,agd18
423,atc38
423,ajt47
423,ahl24
423,aek44
423,aed41
424,apk22
424,adj23
424,aek44
424,agd18
424,abt13
424,abk35
424,ajt44
425,ahf13
425,agk17
425,akw30
425,apb44
425,asr35
425,amr90
426,amz19
426,ajl83
426,arl26
426,afj11
426,alf32
426,amt69
426,alr42
427,atb47
427,amz19
427,aom11
427,alk51
427,awm27
428,aje30
428,aen20
428,acm88
428,ajd43
428,ahh26
428,ant24
428,awm20
429,abv13
429,alr42
429,ahc12
429,aep55
429,adr45
429,asb90
430,aar37
430,adp32
430,abb66
431,asf40
431,acm61
431,aro19
432,aww29
432,asa45
432,anm60
432,aan18
433,asc78
433,ans71
433,amf85
433,aek27
434,afs28
434,agc35
434,ado20
434,ara38
434,akn17
434,adl49
434,anb57
435,afp18
435,adb60
435,amv34
435,abb70
436,afp18
436,apb44
436,agc26
436,akn17
436,akn18
436,agc35
436,ara38
437,aem93
437,apg23
437,alt37
437,ajl82
437,ahk23
437,ajt48
437,ald59
438,atf23
438,aew53
438,ajl83
439,abc49
439,akw38
439,aks64
440,aek42
440,arm91
440,asm74
440,ads42
440,acm94
440,akd33
440,art35
441,apm37
441,apk22
441,asm74
441,acj35
441,atm46
442,ajr63
442,aro16
442,aps55
442,ahf12
442,anm46
443,abf16
443,akd33
443,ajl73
443,apm37
444,ahf12
444,anm46
444,amk96
445,akr34
445,amt69
445,afk11
445,amj55
446,ajp53
446,bad16
446,afk11
446,afj11
447,all81
447,abb73
447,ary14
447,arw59
447,aag45
448,anp36
448,asn22
448,arl42
448,aka28
448,akb53
448,avh12
448,aja34
449,aak48
449,alw97
449,anr44
449,agc14
449,akr34
449,ajp53
449,ajd57
450,akr34
450,aka28
450,ads99
450,asf25
450,alr81
450,bad16
451,agw22
451,adc55
451,ana24
452,anl21
452,ajc29
452,amr82
452,apa20
452,acj33
452,ahn15
452,aks62
453,apa20
453,acc80
453,alz15
453,aaw49
453,ads42
454,aaw49
454,alz15
454,apw10
454,ama88
454,aaa91
454,aen20
455,ack48
455,aaw49
455,alz15
455,anr45
455,acv13
456,adm86
456,alo17
456,akd12
456,ajp82
456,adw54
457,abw36
457,adm86
457,ajj22
458,abe13
458,alo17
458,aak44
458,ajw76
458,ahn15
459,ans81
459,acj13
459,apg23
459,aab75
459,amp87
460,acg51
460,arj37
460,acl39
460,acj13
460,aaw49
461,atb45
461,asa39
461,acg51
461,aew60
461,adm66
461,acr54
461,and38
462,aro19
462,alj39
462,and38
463,amw76
463,alc73
463,aib10
463,akl22
463,akg35
463,ark47
463,atc31
464,akv11
464,alc73
464,alr81
464,akl22
465,ach44
465,amr88
465,atc31
466,abk35
466,atc31
466,bab99
466,arm91
466,art35
466,apm37
466,ahk22
467,akg38
467,abv13
467,acm97
467,aag45
467,ana24
467,ava17
468,bac45
468,asr40
468,aak47
468,ary14
468,ark47
469,amk90
469,acv20
469,aag45
469,ary14
469,anr44
469,ata19
470,ary14
470,agk21
470,aac45
470,asa48
470,acm97
471,asb89
471,agk19
471,alc91
471,acw23
471,agc33
472,aww31
472,agc33
472,act47
472,aln20
472,apa17
473,acj33
473,asp49
473,ajk79
473,alc91
473,agc33
473,asb89
474,agj12
474,act47
474,agk19
474,abs75
474,aro15
474,adp32
475,aab83
475,bac33
475,apf23
475,ahk22
475,ask44
475,ajw70
476,aad32
476,ant27
476,ask44
476,aer34
476,ahk22
477,aer51
477,aer34
477,ant27
477,bab99
478,aab83
478,ant24
478,abv13
478,aad32
479,asf47
479,abb70
479,aef35
479,aww31
479,ahk22
480,aeb77
480,aem93
480,aaw49
480,aww31
481,atc35
481,aks64
481,amk90
481,adb60
481,aep47
481,ajr81
481,adh66
482,aeb77
482,apg23
482,aba32
482,adm58
482,aep47
482,aam65
482,agc33
483,ajo14
483,ats41
483,aja34
483,ajk79
483,akp38
483,afc24
484,aep47
484,ans83
484,asa39
484,aae21
484,acm91
484,adw65
485,aks62
485,aep47
485,ast29
485,acj13
486,ahd16
486,ajl70
486,aad32
486,acj13
486,ans83
487,ajl70
487,ark47
487,akp38
487,aks62
487,ahl23
488,agp16
488,apk21
488,bac40
488,ark44
488,ach49
488,alk42
488,akd35
489,aml87
489,adf23
489,ask44
489,atc35
489,aed41
489,alk42
489,aep56
490,aar37
490,agw28
490,apk21
491,ask44
491,afm28
491,apk21
491,abs72
491,adf23
492,ags53
492,aah44
492,akb71
492,awm20
492,amp97
492,adr38
492,ach71
493,asr38
493,awb33
493,aan16
493,amf85
494,awm20
494,awb33
494,adr38
495,awb33
495,amz19
495,amt64
495,ags53
495,ach71
495,asr38
495,amp97
496,adm66
496,asp49
496,ach70
496,ayc14
496,agc33
496,aaz10
497,ach70
497,abt23
497,akv11
497,asv17
497,ags53
497,asp49
497,acj21
498,asp49
498,abc49
498,ach70
498,asf45
498,aej28
499,bab99
499,agw22
499,ajp82
499,ant24
499,ajr71
500,ahk20
500,asn22
500,ahw29
500,asp44
500,alk42
500,ajk79
500,aaa87
501,alk42
501,aam65
501,adf23
501,adf31
501,ajk79
502,alk42
502,anl31
502,agw22
502,adm74
502,ajl76
502,adr45
502,aas74
503,ahk22
503,ajl76
503,apa17
503,afc27
503,adf31
503,aek48
504,acr53
504,ask44
504,apm36
504,alk43
504,alg68
504,adk35
505,awk11
505,amv34
505,aem19
505,avs22
505,aar26
506,avs22
506,acf31
506,aep47
506,aar26
506,ark47
506,amf85
506,akj30
507,aln22
507,aep47
507,awk11
507,ais31
508,apl18
508,alw89
508,aln20
508,alw93
508,abs62
509,alg88
509,amj62
509,akj30
509,abb10
509,alc91
509,atf23
510,aaz10
510,ats33
510,atl16
511,acc80
511,ajd57
511,apb44
511,amt58
511,aer51
511,awm27
511,ajj23
512,aph40
512,ajj23
512,aaz10
512,ajd57
512,abb10
512,aam98
513,awg17
513,amt64
513,akn18
513,aks77
513,aac55
514,ana24
514,alg88
514,avs22
514,adf31
514,afa19
514,bad32
515,bad32
515,asa59
515,apb44
515,akg38
515,asb84
516,asr28
516,atd25
516,aak43
516,bad32
517,alt68
517,ase21
517,ayc14
517,aac55
517,agc26
517,awg17
518,acm88
518,abb59
518,amr82
519,anb65
519,akg36
519,acz10
519,agw22
519,aww31
519,aee11
520,arc71
520,acj34
520,ack47
521,aee11
521,anm60
521,aph40
522,ais30
522,aaf21
522,aep55
522,alj39
522,arr54
522,akh11
523,aim11
523,adc81
523,afp15
523,aat18
523,abc50
524,adm86
524,abk42
524,akh11
524,alc87
524,aks64
524,atc37
524,agd18
525,ajt44
525,arr54
525,adm86
525,aml94
525,aak48
526,agd18
526,avh12
526,akh19
526,act47
526,adc81
526,ant20
527,ags53
527,adg55
527,ado23
528,ame49
528,ard44
528,afk12
528,aem67
528,anr44
529,asz13
529,ags53
529,afk12
529,aem67
529,akt19
529,akd33
530,ags40
530,aea47
530,aem92
530,akd33
530,aps52
530,afk12
531,aem92
531,aab79
531,ajr91
531,akl39
531,acm90
531,ajp82
531,aml94
532,arh86
532,aem67
532,alj48
532,adm66
532,and43
533,ark47
533,asz13
533,anl27
533,ahm25
533,asv13
533,abs72
534,ahw26
534,acm79
534,ahm25
534,and43
534,aah44
535,akw30
535,akd33
535,akg35
536,art36
536,ado20
536,aal26
536,ajl62
537,asd26
537,anm46
537,aam62
537,abk35
537,atf23
538,ahl24
538,acy14
538,afl13
539,afl13
539,ame36
539,asb73
540,acr53
540,abh22
540,asd26
540,akj31
540,ame36
540,aab79
540,abf20
541,avh12
541,anm46
541,ahh26
541,ajt44
542,ajw70
542,akp38
542,arh75
542,akw30
542,abc52
542,acm88
542,ajw50
543,akl31
543,aml94
543,agc26
544,ajr84
544,acm88
544,ajk79
544,ajc29
544,aln18
544,ash70
545,ags40
545,akp38
545,ack48
545,akl31
545,anl27
545,aml94
546,ahc26
546,ach71
546,asc78
546,aam62
547,ads48
547,aah52
547,aek44
547,ash79
548,aah52
548,ahc26
548,aek44
549,aer51
549,ash79
549,agp15
549,ahs44
550,aek44
550,akd33
550,ads48
550,ash79
550,and27
551,ajl76
551,asc78
551,agp15
552,anb65
552,aar26
552,aba32
552,alg90
552,atp24
552,adw63
553,atp24
553,adb76
553,adw63
553,aph40
554,aac45
554,acz10
554,aea47
555,amt58
555,awm27
555,akl32
555,asv13
556,alc87
556,awm33
556,ach81
556,agc31
556,and27
556,amt43
556,akl32
557,aej21
557,apf18
557,ata19
557,alc87
558,ado12
558,agc31
558,apf18
558,aem90
558,ata19
559,asv17
559,aaa67
559,ard44
559,ajf46
559,anm53
560,ahc12
560,agb41
560,aah52
560,aea42
560,ahs44
561,adc79
561,agc26
561,art35
561,ans81
561,atm46
561,afg16
561,aah52
562,arh75
562,atm46
562,ack47
562,adc79
562,apm37
563,ahd16
563,acm90
563,akp38
563,apm36
563,akt21
563,anl21
563,aps54
564,aac47
564,adf31
564,adt25
564,and43
564,acb84
564,akt21
565,adm74
565,acm90
565,aek44
566,akt21
566,aks77
566,atc38
567,acs93
567,ash70
567,aww30
567,aac20
568,aaf15
568,apm36
568,agw28
568,asa48
568,ags53
568,ahc26
569,agw28
569,adc81
569,acm76
569,avs28
569,alk42
569,alj52
570,aep47
570,ajw70
570,aje20
570,ajr81
570,ags53
571,ava14
571,arb71
571,atf25
571,ajf46
571,amk96
571,aew60
571,asb78
572,ajv16
572,ajf30
572,arb71
572,acn21
572,asb78
572,aos11
573,acd42
573,aks77
573,ara38
573,afa19
573,ats33
573,aeh64
573,arb71
574,asb78
574,ais31
574,ajg79
574,aks77
574,adf24
575,abs70
575,adr45
575,aam65
575,asl50
576,asy13
576,aks64
576,awm20
576,aks62
576,aam84
576,afs37
577,akg35
577,amf84
577,amz19
577,alz18
577,adr45
578,akk45
578,acn21
578,bac40
578,agc14
579,anr45
579,bac40
579,alw96
579,aks77
579,adk34
579,acc80
579,ary14
580,aem91
580,acc86
580,apw10
580,afs33
581,agd29
581,alp49
581,adw65
581,aaf15
581,aal35
581,aje22
582,anw40
582,aks84
582,aln20
583,aph40
583,aaa67
583,avs22
583,aem81
583,afs34
584,aaf15
584,aea36
584,asb73
584,aha20
584,amj62
585,aje20
585,aep54
585,act47
585,aaf15
585,amk90
585,aal35
585,akk33
586,adw65
586,aje22
586,akk33
587,ajt48
587,arg44
587,amt62
587,aan16
587,amp87
587,all81
587,agh22
588,arl34
588,amt64
588,amp87
588,adg55
588,alm69
589,alm69
589,apf18
589,adh66
589,amt62
589,akd33
590,ahj10
590,adg55
590,anc54
590,ark47
590,ajt48
590,ach44
591,abr39
591,ara42
591,ahj10
591,aha24
592,agd18
592,alg68
592,alk44
592,ajg76
593,ads42
593,awb33
593,ayt10
593,ana24
593,avm15
593,anm49
593,ajw81
594,anl21
594,akh40
594,aea47
594,apa20
595,ajp61
595,anl21
595,ads42
595,aem79
595,akl39
595,awl15
595,abb10
596,aeh64
596,atp24
596,awl15
596,apa20
596,alr76
596,asd26
596,abb10
597,alk51
597,ajt47
597,abk35
597,apa20
597,acs98
597,ads42
597,aem79
598,ash75
598,afp15
598,aro15
599,acy14
599,aro15
599,ash43
599,ars91
599,asd26
599,acj35
599,adl49
600,aal35
600,amt62
600,ash75
600,ads42
600,acj35
600,abb10
601,ana24
601,asv17
601,aem79
601,alk51
601,ajp78
601,amt62
601,anm49
602,akb71
602,aat18
602,aam70
602,ade17
602,acb67
603,ard39
603,aam70
603,aaf15
603,ahs44
604,aaf15
604,akj30
604,all72
604,anr40
605,aaz10
605,agc26
605,aps55
606,abg35
606,awf11
606,atl16
606,aam99
606,ala24
607,all42
607,acw63
607,ace29
608,adc81
608,aem92
608,atw20
608,amv33
608,aab79
608,aja50
609,ate10
609,agw28
609,alr76
609,anc48
609,aaw38
609,ace29
610,akp38
610,ajf46
610,amg33
610,aea37
610,aem99
610,ana19
611,adm61
611,acj31
611,akv11
612,afg16
612,amk96
612,ahf13
613,afd10
613,aem99
613,aer52
613,akv11
614,amk90
614,abk35
614,aek42
614,ach79
614,ack47
614,aed41
615,apm36
615,aed41
615,akh47
615,ajh98
615,aja50
615,ahs31
615,ary14
616,abk42
616,abk35
616,ats50
616,ajh98
616,aib10
617,aaw49
617,amf80
617,abk35
617,ajc29
617,akh47
617,amr88
617,ahs31
618,ach44
618,ahd16
618,arm88
619,arb71
619,acb84
619,aha20
619,ahd16
619,ajr31
619,akb71
619,aew60
620,asa57
620,ahd16
620,agr25
621,ars94
621,acg59
621,afp15
621,and27
622,arg37
622,ark47
622,anm46
622,aep47
622,acc86
623,aim11
623,adb60
623,aaw38
624,and29
624,amk90
624,ags53
624,ana15
624,acc86
624,ald67
624,ald57
625,adb60
625,abh37
625,ajz10
625,arg37
626,aaw38
626,ais30
626,aja34
627,acs93
627,ack42
627,adj23
627,amg97
627,ast28
628,amg97
628,ant20
628,asb79
628,aba32
629,acz10
629,arl42
629,asb79
629,amg97
629,asd26
630,abd30
630,amg97
630,ark51
630,aek48
630,aha24
630,aba32
630,agn21
631,ado20
631,aeb88
631,amf80
631,aej28
631,app25
631,acm97
632,abs53
632,aea36
632,ala21
632,ajw50
632,aaw49
632,asb81
632,ahr16
633,amf80
633,adj23
633,ate10
633,aem99
634,alh93
634,ahk23
634,asn22
635,alg88
635,akj31
635,ame50
635,ayt10
636,ayt10
636,aha20
636,alr81
637,alr81
637,aww29
637,aje20
637,agb44
637,amf80
638,akb71
638,apa17
638,alh93
638,abk35
638,bad29
638,afc24
638,asb42
639,ado12
639,ajo14
639,arc88
639,akk45
639,aam70
640,ajw83
640,aen20
640,asl61
641,aml87
641,ajo14
641,akv12
642,ada42
642,aml88
642,alh67
643,adf23
643,ajd61
643,ada42
643,aml88
643,arr45
643,apk22
644,alh67
644,asf25
644,acw63
644,agw31
644,ajd61
645,aha24
645,ada42
645,apk22
645,ant27
645,ajd61
645,alr80
645,alh67
646,ahh26
646,alw97
646,all42
646,atb35
646,adj23
647,alj47
647,aem90
647,ajk79
648,alw89
648,aka34
648,acy12
648,ajk79
649,aec50
649,ank26
649,aak42
650,amf84
650,and24
650,amg89
650,agc14
650,aab75
650,acr53
650,amp97
651,amr88
651,ach55
651,aec50
651,agr20
652,abt23
652,aia11
652,agr20
653,aec50
653,ats41
653,akk46
653,amm73
653,aem19
654,asg43
654,ajf40
654,aew60
654,ahc12
655,amt64
655,afa16
655,acj33
656,ach81
656,aem79
656,abm55
657,akr34
657,abh37
657,ahn15
657,amg97
657,aew60
657,ato10
657,asm90
658,acb84
658,aam85
658,akb71
659,afa16
659,adw54
659,agp16
659,aak49
659,ajj29
659,aat18
660,adf23
660,akd12
660,agp16
660,atg18
660,ahl24
660,asa39
661,ame45
661,alz18
661,acj31
661,asf38
661,ado12
661,aam66
661,ado20
662,aem67
662,alg68
662,ach45
662,aac55
663,acj26
663,adw54
663,bac16
663,ahc26
663,amh89
664,aea36
664,abt13
664,aja26
664,amg89
664,alz18
664,acw64
664,ado12
665,ahc26
665,adf24
665,amg89
665,aet26
665,ajw76
665,ahs50
666,amg89
666,agr18
666,anl21
666,abc49
666,acb99
666,aaw49
666,abl29
667,acm61
667,abl29
667,acc86
667,anl21
667,arb71
667,aea47
668,aak47
668,abc49
668,arf38
669,aaa87
669,aak47
669,afh11
669,abl29
669,ate10
669,ajw84
670,ajr63
670,ast28
670,art35
670,aaa75
670,ajp77
671,ahk23
671,aam84
671,aer51
671,acm91
671,asb73
671,adw66
672,ajg76
672,aab75
672,apf18
673,apf18
673,ads50
673,aaj23
673,acr43
673,aea47
673,art35
673,awm27
674,acl57
674,anb49
674,acj35
674,aaj23
674,adw66
675,aca33
675,amr88
675,app25
675,apl18
675,ajk41
676,ask60
676,aro15
676,amm73
676,asb94
676,ach44
677,ahw26
677,acm76
677,akk42
677,ask60
678,ahp13
678,abd30
678,aia11
678,app25
678,abd21
678,bab99
679,apl18
679,aja33
679,aca33
679,aag45
679,acr53
679,ach44
680,aej28
680,ard39
680,ayc14
680,abb56
680,acm61
681,ads99
681,anc52
681,anb65
681,ahk22
681,aej28
681,atp24
681,asf47
682,awl15
682,ads99
682,ahn14
682,arc88
682,adt25
682,anc52
682,abb56
683,amv34
683,adk35
683,aje30
683,apa20
683,apk21
684,aab79
684,acb84
684,adv12
684,apk21
684,acr54
684,acc86
684,arj37
685,ato10
685,agw28
685,afc24
686,alg68
686,acb84
686,avp21
686,aje30
686,adb70
686,acc86
687,abb10
687,alm69
687,acy14
687,aem90
687,ajw82
688,abb10
688,acj35
688,anb24
689,akh21
689,ans71
689,acw64
689,alk42
689,aef35
689,aac55
689,asl50
690,ajd61
690,afb34
690,aec50
690,amr68
690,ats50
691,agw22
691,aln20
691,ajk46
691,aln18
691,akh49
691,alz18
692,ajd61
692,ajk46
692,afp15
693,aks94
693,ajc29
693,alz18
693,amr68
693,aea44
694,afp15
694,ahh26
694,ajc91
694,aaw44
694,aan15
695,alc91
695,abk42
695,acr43
695,aph40
696,apm37
696,abk42
696,abm48
697,apm37
697,abb10
697,aap45
698,abb10
698,acm76
698,aek44
698,aap45
699,aak43
699,apk18
699,amk97
700,ach81
700,aae21
700,apa20
700,anp37
700,acj21
700,akv11
701,ahs50
701,aek27
701,aww28
702,ajw84
702,aml94
702,acj26
702,aww31
702,asg43
702,adh55
702,aea42
703,adh55
703,afw13
703,ata19
704,awk11
704,ata19
704,akk42
704,akt21
704,asm74
704,afp15
704,acj26
705,aec50
705,aww31
705,adk34
706,amg99
706,ajt47
706,afc22
707,avn11
707,akh36
707,ant20
708,ajd57
708,aew60
708,aro19
708,atp24
709,aww29
709,adh61
709,ahs44
710,atp24
710,ash79
710,apl18
710,atb35
711,asl63
711,acn21
711,ach79
711,amr81
711,alz18
712,asr35
712,abc52
712,ala24
712,aee11
712,anl31
713,ats33
713,aha20
713,awg17
713,afg14
713,arh75
713,aos11
713,aek41
714,asm90
714,arp59
714,aee11
715,atf25
715,ana19
715,agh33
715,adh55
715,asm90
715,aha20
715,abm43
716,adb60
716,ash75
716,ags42
716,ast29
716,ans63
716,ala24
716,aka34
